id,name,model_id:id,group_id/id,operation,domain
contract_template_manager,Recurring manager,model_contract_template,account.group_account_manager,crud,
contract_template_user,Recurring user,model_contract_template,account.group_account_invoice,r,
contract_manager,Recurring manager,model_contract_contract,account.group_account_manager,crud,
contract_user,Recurring user,model_contract_contract,account.group_account_invoice,r,
contract_portal,Recurring portal,model_contract_contract,base.group_portal,r,
contract_line_manager,Recurring manager,model_contract_line,account.group_account_manager,crud,
contract_line_user,Recurring user,model_contract_line,account.group_account_invoice,r,
contract_line_portal,Recurring portal,model_contract_line,base.group_portal,r,
contract_template_line_manager,Recurring manager,model_contract_template_line,account.group_account_manager,crud,
contract_template_line_user,Recurring user,model_contract_template_line,account.group_account_invoice,r,
contract_modification_user,Contract modifications - User,model_contract_modification,account.group_account_invoice,crud,
contract_modification_portal,Contract modifications - Portal,model_contract_modification,base.group_portal,r,
contract_manually_create_invoice_wizard,contract_manually_create_invoice_wizard,model_contract_manually_create_invoice,account.group_account_invoice,crud,
contract_tag_multi_company_rule,Contract tag multi-company,model_contract_tag,,crud,"[('company_id', 'in', company_ids + [False])]"
rule_contract_contract_multi_company,Contract contract multi-company,model_contract_contract,,crud,"[('company_id', 'in', company_ids)]"
rule_contract_line_multi_company,Contract line multi-company,model_contract_line,,crud,"[('company_id', 'in', company_ids)]"
rule_contract_template_multi_company,Contract template multi-company,model_contract_template,,crud,"[('company_id', 'in', company_ids)]"
rule_contract_template_line_multi_company,Contract template line multi-company,model_contract_template_line,,crud,"[('company_id', 'in', company_ids)]"
contract_contract_see_all,See All Contracts,contract.model_contract_contract,,crud,"[(1,'=',1)]"
rule_contract_contract_portal,Contract contract portal,model_contract_contract,base.group_portal,crud,"[('message_partner_ids', 'in', [user.partner_id.id])]"
